KS,KS0189,002,KS0037,CALDWELL PUBLIC LIBRARY,120 S. MAIN ST.,CALDWELL,67022,1414,SUMNER,6208456879,CE,NO,4500,R_11,0,R_11,1200,R_11,50,R_11,2012,00,00,00,-97.606964,37.03116,20,191,09900,23835,43,9623,3078,2004,0,1,48620,0
CA,CA0152,004,M748,SOLIZ LIBRARY,2820 JOURDAN ST.,OXNARD,93036,1611,VENTURA,8054854515,BR,CC,3030,R_11,0,R_11,1227,R_11,52,R_11,2012,00,00,00,-119.168424,34.2372,06,111,22370,831126,21,50.02999878,2005,0626,0,1,37100,0
WV,WV0023,002,22,MORGANTOWN PUBLIC LIBRARY,373 SPRUCE STREET,MORGANTOWN,26505,5564,MONONGALIA,3042917425,CE,NO,24140,R_11,0,R_11,3016,R_11,52,R_11,2012,00,00,00,-79.954276,39.630204,54,061,55756,98613,13,107,1011,5401,0,1,34060,0
IL,IL0603,002,3067300,VESPASIAN WARNER PUBLIC LIBRARY DISTRICT,310 NORTH QUINCY STREET,CLINTON,61727,1300,DE WITT,2179355174,CE,NO,36000,R_11,0,R_11,3172,R_11,-1,U_11,2012,00,00,00,-88.961745,40.154608,17,039,15001,16528,32,9717,2032,1713,0,1,14010,0
NC,NC0032,017,C-FORSYTH-Y,YWCA BEST CHOICE CENTER,1031 HIGHLAND AVE,WINSTON-SALEM,27101,3108,FORSYTH,3367220597,BR,CC,750,R_11,0,R_11,312,R_11,52,R_11,2012,00,00,00,-80.233147,36.108588,37,067,75000,354454,12,6,2018,3712,0,1,49180,0
NY,NY0578,002,7200446540,TUXEDO PARK LIBRARY,227 ROUTE 17,TUXEDO PARK,10987,4405,ORANGE,8453512207,CE,NC,9000,R_11,0,R_11,3094,R_11,52,R_11,2012,00,00,00,-74.18461,41.193192,36,071,00000,374438,41,149,3005,3618,0,5,35620,0
IL,IL0508,002,3063300,STEELEVILLE AREA PUBLIC LIBRARY DISTRICT,625 SOUTH SPARTA STREET,STEELEVILLE,62288,2147,RANDOLPH,6189659732,CE,NO,4998,R_11,0,R_11,2630,R_11,-1,U_11,2012,00,00,00,-89.658669,38.003021,17,157,72468,33262,32,9511,4060,1712,0,1,0,.
NY,NY0601,002,7200592060,SUNSHINE HALL FREE LIBRARY,14 PROCTOR ROAD,ELDRED,12732,0157,SULLIVAN,8455576258,CE,NO,2300,R_11,0,R_11,1250,R_11,52,R_11,2012,00,00,00,-74.882528,41.526061,36,105,00000,77079,42,9524,1021,3619,0,1,0,.
FL,FL0001,012,FL0001-012,REDDICK PUBLIC LIBRARY,15150 N.W. GAINESVILLE ROAD,REDDICK,32686,3221,MARION,3524382566,BR,NC,2496,R_11,0,R_11,1228,R_11,52,R_11,2012,00,00,00,-82.197543,29.369123,12,083,59675,332472,42,2,2056,1205,0,1,36100,0
NC,NC0010,009,R-HYCONEECHEE-CC,CARRBORO CYBRARY,100 N GREENSBORO ST,CARRBORO,27510,2016,ORANGE,9199187387,BR,NC,1060,R_11,0,R_11,1560,R_11,52,R_11,2012,00,00,15,-79.072256,35.910375,37,135,10620,135418,21,107.0500031,3021,3704,0,1,20500,0
WV,WV0077,004,076B,COAL RIVER,494 JOHN SLACK CIRCLE,RACINE,25165,M,BOONE,3048378437,BR,NO,1200,R_11,0,R_11,1820,R_11,52,R_11,2012,00,00,00,-81.656444,38.145905,54,005,00000,24459,41,9582,3074,5403,X,14,16620,0
TX,TX0279,002,360,SHEPHERD PUBLIC LIBRARY,30 N LIBERTY ST,SHEPHERD,77371,2460,SAN JACINTO,9366283515,CE,NC,2668,R_11,0,R_11,1626,R_11,52,R_11,2012,00,00,00,-94.997618,30.498398,48,407,67424,26876,42,2001.01001,1011,4808,0,1,0,.
MI,MI0261,002,MI0261-002,SHIAWASSEE DISTRICT LIBRARY,502 WEST MAIN STREET,OWOSSO,48867,2687,SHIAWASSEE,9897255134,CE,NO,8400,R_11,0,R_11,2868,R_11,52,R_11,2012,00,00,00,-84.177198,42.997558,26,155,61940,69934,32,306,1007,2604,0,1,37020,1
NE,NE0210,002,235T,SPENCER TOWNSHIP LIBRARY,110 WEST MAIN STREET,SPENCER,68777,0189,BOYD,4025891331,CE,NO,1750,R_11,0,R_11,546,R_11,52,R_11,2012,00,00,00,-98.701432,42.874026,31,015,46275,2081,43,9758,1234,3103,0,1,0,.
ND,ND0012,002,ND0012-002,CARNEGIE REGIONAL LIBRARY,49 WEST 7TH STREET,GRAFTON,58237,1050,WALSH,7013522754,CE,CC,8692,R_11,0,R_11,2000,R_11,50,R_11,2012,00,00,00,-97.41183,48.417585,38,099,31820,11032,33,9580,1077,3800,0,1,0,.
CT,CT0193,002,3900,EASTFORD PUBLIC LIBRARY,179 EASTFORD RD.,EASTFORD,06242,0908,WINDHAM,8609740125,CE,NO,1512,R_11,0,R_11,1216,R_11,52,R_11,2012,00,00,00,-72.080012,41.901001,09,015,00000,118205,42,9022,1049,0902,0,1,49340,0
IL,IL0421,002,3053900,PECATONICA PUBLIC LIBRARY DISTRICT,400 WEST ELEVENTH STREET,PECATONICA,61063,9173,WINNEBAGO,8152392616,CE,NC,11800,R_11,0,R_11,2080,R_11,-1,U_11,2012,00,00,00,-89.365175,42.304798,17,201,58408,293660,42,43,2010,1716,0,1,40420,0
AR,AR0019,002,AR019-002,LYDA MILLER PUBLIC LIBRARY,2609 HIGHWAY 367 S,BALD KNOB,72010,0287,WHITE,5017245452,BR,NO,2100,R_11,0,R_11,-1,U_11,52,R_11,2012,00,06,00,-91.563371,35.315974,05,145,03280,78089,32,706,4050,0502,0,1,42620,1
TX,TX0473,002,513,ELGIN PUBLIC LIBRARY,404 N MAIN ST,ELGIN,78621,2625,BASTROP,5122815678,CE,NC,12738,R_11,0,R_11,1983,R_11,52,R_11,2012,00,00,00,-97.371621,30.350555,48,021,23044,75028,32,9502,2001,4810,0,1,12420,0
MA,MA0164,002,MALDEN,MALDEN PUBLIC LIBRARY,36 SALEM ST.,MALDEN,02148,5208,MIDDLESEX,7813240218,CE,NC,44000,R_11,0,R_11,3126,R_11,52,R_11,2012,00,00,00,-71.066333,42.427158,25,017,37875,1522050,21,3416,5007,2505,0,1,14460,0
WI,WI0409,002,WI0409,LOWELL PUBLIC LIBRARY,105 N. RIVER ST.,LOWELL,53557,0015,DODGE,9209275700,CE,NO,900,R_11,0,R_11,1040,R_11,52,R_11,2012,00,00,00,-88.79318,43.345758,55,027,00000,88721,42,9618,1101,5505,X,15,13180,1
PA,PA0413,002,901630213,BURGETTSTOWN COMMUNITY LIBRARY,2 KERR ST,BURGETTSTOWN,15021,1127,WASHINGTON,7249479780,CE,NC,6781,R_11,0,R_11,2392,R_11,52,R_11,2012,00,00,00,-80.389683,40.379256,42,125,10224,208170,42,7127,1030,4218,0,1,38300,0
NE,NE0091,002,101C,GILBERT PUBLIC LIBRARY,628 SECOND STREET,FRIEND,68359,1308,SALINE,4029475081,CE,NO,1678,R_11,0,R_11,1196,R_11,52,R_11,2012,00,00,00,-97.285879,40.653724,31,151,17775,14398,43,9607,2058,3103,0,1,0,.
KS,KS0028,002,KS0160,KANOPOLIS PUBLIC LIBRARY,221 N. KANSAS,KANOPOLIS,67454,0205,ELLSWORTH,7854723053,CE,NO,897,R_11,0,R_11,832,R_11,52,R_11,2012,00,00,00,-98.157901,38.711743,20,053,35950,6478,42,866,2294,2001,0,1,0,.
IL,IL0098,059,3010857,PORTAGE-CRAGIN BRANCH,5108 WEST BELMONT AVENUE,CHICAGO,60641,4206,COOK,3127440152,BR,CC,14000,R_11,0,R_11,2496,R_11,52,R_11,2012,00,00,00,-87.754563,41.938765,17,031,14000,5214098,11,1510.01001,2008,1704,0,1,16980,0
PA,PA0083,002,905620545,SHEFFIELD TOWNSHIP LIBRARY,20 LEATHER ST,SHEFFIELD,16347,0607,WARREN,8149683439,CE,NO,1131,R_11,0,R_11,1352,R_11,52,R_11,2012,00,00,00,-79.033263,41.701956,42,123,69984,41480,42,9712,3019,4205,0,1,47620,1
UT,UT0072,001,UT0072-001,SALEM CITY LIBRARY,59 SOUTH MAIN STREET,SALEM,84653,9601,UTAH,8014232622,CE,NC,4150,R_11,0,R_11,2216,R_11,52,R_11,2012,00,00,00,-111.673401,40.053702,49,049,65770,530104,32,104.0699997,2016,4903,0,1,39340,0
NJ,NJ0048,002,NJ0048-002,ORADELL PUBLIC LIBRARY,375 KINDERKAMACK ROAD,ORADELL,07649,2122,BERGEN,2012622613,CE,NC,16000,R_11,0,R_11,3016,R_11,52,R_11,2012,00,00,00,-74.031827,40.953183,34,003,54990,912773,21,400.019989,4006,3405,0,1,35620,0
WI,WI0191,002,WI0191,MENOMONEE FALLS PUBLIC LIBRARY,W156N8436 PILGRIM RD.,MENOMONEE FALLS,53051,3140,WAUKESHA,2625328930,CE,NC,52951,R_11,0,R_11,3328,R_11,52,R_11,2012,00,00,00,-88.103683,43.170852,55,133,51000,390701,21,2001.030029,3023,5505,0,1,33340,0
NC,NC0033,002,C-FRANKLIN-F,FRANKLIN COUNTY LIBRARY,906 N MAIN ST,LOUISBURG,27549,2199,FRANKLIN,9194962111,CE,NC,6000,R_11,0,R_11,2704,R_11,52,R_11,2012,00,00,15,-78.296077,36.112774,37,069,39360,61181,32,603.0100098,1018,3701,0,1,39580,0
FL,FL0042,006,FL0042-006,DUNBAR JUPITER HAMMON PUBLIC LIBRARY,3095 BLOUNT STREET,FORT MYERS,33916,4100,LEE,2395334150,BR,NC,11400,R_11,0,R_11,1992,R_11,52,R_11,2012,00,00,00,-81.84986,26.642837,12,071,24125,631602,13,5.019999981,2011,1219,0,1,15980,0
LA,LA0038,005,LA0038,VERNON PARISH LIBRARY BOOKMOBILE,1401 NOLAN TRACE,LEESVILLE,71446,8378,VERNON,3372392027,BS,NO,-3,U_11,1,R_11,1248,R_11,52,R_11,2012,00,00,00,-93.133117,31.328122,22,115,00000,52178,43,9501,1052,2204,2,15,22860,1
FL,FL0058,002,FL0058-002,NORTH PALM BEACH PUBLIC LIBRARY,303 ANCHORAGE DRIVE,NORTH PALM BEACH,33408,4990,PALM BEACH,5618413383,CE,NC,24893,R_11,0,R_11,3024,R_11,52,R_11,2012,00,00,00,-80.057184,26.810361,12,099,49600,1337512,21,7.019999981,1015,1218,0,1,33100,0
MO,MO0037,002,MO0036-002,UNIVERSITY CITY PUBLIC LIBRARY,6701 DELMAR BLVD,UNIVERSITY CITY,63130,3199,ST. LOUIS,3147273150,CE,NC,43000,R_11,0,R_11,3744,R_11,52,R_11,2012,00,00,00,-90.308719,38.656351,29,189,75220,999321,21,2161,2010,2901,0,1,41180,0
TX,TX0582,002,575,MCMULLEN MEMORIAL LIBRARY,900 N MAIN ST,HUNTINGTON,75949,M,ANGELINA,9368764516,CE,NO,2500,R_11,0,R_11,1792,R_11,52,R_11,2012,00,00,00,-94.572496,31.285469,48,005,35492,87276,42,13,1016,4801,0,1,31260,1
CT,CT0109,002,9902,ATWATER MEMORIAL LIBRARY,1720 FOXON RD.,NORTH BRANFORD,06471,0258,NEW HAVEN,2033156020,CE,NC,13000,R_11,0,R_11,2830,R_11,52,R_11,2012,00,00,00,-72.765106,41.328739,09,009,00000,862812,21,1861,1010,0903,0,1,35300,0
AZ,AZ0064,011,BR-GEASA,GEASA-MARANA BRANCH LIBRARY,13370 LON ADAMS ROAD,MARANA,85653,9050,PIMA,5205945255,BR,NC,2900,R_11,0,R_11,2034,R_11,52,R_11,2012,00,00,00,-111.208324,32.449152,04,019,44270,987573,42,44.29999924,2025,0401,0,1,46060,0
TX,TX0216,005,30.53,THEODORE JOHNS BRANCH LIBRARY,4255 FANNETT RD,BEAUMONT,77705,M,JEFFERSON,4098425223,BR,CC,11970,R_11,0,R_11,3132,R_11,52,R_11,2012,00,00,00,-94.129488,30.045033,48,245,07000,253160,12,22,2023,4814,0,1,13140,0
LA,LA0044,012,49,GENEALOGY BRANCH & ADM. OFFICE,200 EAST MULBERRY STREET,AMITE,70422,2524,TANGIPAHOA,9857487559,BR,NO,8000,R_11,0,R_11,1716,R_11,52,R_11,2012,00,00,00,-90.506645,30.728051,22,105,01885,122519,32,9534,3091,2205,0,1,25220,0
MD,MD0024,005,MD0024-005,POCOMOKE BRANCH,301 MARKET ST.,POCOMOKE CITY,21851,1113,WORCESTER,4109570878,BR,NO,6728,R_11,0,R_11,2136,R_11,52,R_11,2012,00,00,00,-75.566713,38.074163,24,047,62475,51446,32,9515,3032,2401,0,1,41540,0
IL,IL0318,003,3043000,MARION CARNEGIE LIBRARY,206 SOUTH MARKET STREET,MARION,62959,2516,WILLIAMSON,6189935935,CE,NO,21000,R_11,0,R_11,3129,R_11,-1,U_11,2012,00,00,00,-88.927162,37.729836,17,199,46916,66680,33,211,3029,1712,0,1,16060,0
IA,IA0307,002,RD,FONTANELLE PUBLIC LIBRARY,303 WASHINGTON,FONTANELLE,50846,0387,ADAIR,6417454981,CE,NO,2000,R_11,0,R_11,1040,R_11,52,R_11,2012,00,00,00,-94.563977,41.289591,19,001,28290,7572,43,9603,4125,1903,0,1,0,.
PR,PR0010,001,BP0009,MOROVIS ELECTRONIC MUNICIPAL LIBRARY,"JOSE DEL RIO ST., CORNER OF BETANCE",MOROVIS,00687,M,MOROVIS,7878626161,CE,NO,-1,U_11,0,R_11,-1,U_11,-1,U_11,2012,00,00,00,-66.427046,18.340777,72,101,29555,32753,21,9553,3018,7298,X,14,41980,0
OH,OH0188,002,288C,IDA RUPP PUBLIC LIBRARY,310 MADISON ST.,PORT CLINTON,43452,1921,OTTAWA,4197323212,CE,NC,17075,R_11,0,R_11,3119,R_11,52,R_11,2012,00,00,00,-82.941131,41.510222,39,123,64150,41435,31,506,2000,3909,0,1,38840,1
MD,MD0008,004,MD0008-004,NORTH EAST BRANCH,106 W. CECIL AVE.,NORTH EAST,21901,3506,CECIL,4109966269,BR,NO,2800,R_11,0,R_11,2600,R_11,52,R_11,2012,00,00,00,-75.945126,39.60096,24,015,56450,101628,31,309.0299988,1067,2401,0,1,37980,0
LA,LA0055,007,59,DELMONT GARDENS BRANCH,3351 LORRAINE STREET,BATON ROUGE,70805,2724,EAST BATON ROUGE,2253547040,BR,CC,19267,R_11,0,R_11,3432,R_11,52,R_11,2012,00,00,00,-91.156007,30.496636,22,033,05000,441602,12,3,1023,2202,0,1,12940,0
VA,VA0014,005,VA0014-005,PORTER BRANCH,2001 PARKWAY BOULEVARD,STAFFORD,22554,3972,STAFFORD,5406594909,BR,NO,23000,R_11,0,R_11,-1,U_11,-1,U_11,2012,00,00,00,-77.447472,38.464856,51,179,00000,132246,21,102.1399994,2007,5101,0,1,47900,0
WI,WI0198,002,WI0198,MILTON PUBLIC LIBRARY,"430 E. HIGH ST., #100",MILTON,53563,1579,ROCK,6088687462,CE,NC,8000,R_11,0,R_11,2756,R_11,52,R_11,2012,00,00,00,-88.944389,42.77298,55,105,52200,160067,23,31,4016,5501,0,1,27500,0
IA,IA0544,002,IA0563,WASHTA PUBLIC LIBRARY,100 S 5TH AVE,WASHTA,51061,1016,CHEROKEE,7124476546,CE,NO,1353,R_11,0,R_11,1222,R_11,52,R_11,2012,00,00,15,-95.720114,42.57533,19,035,82380,12029,43,803,2316,1904,0,1,0,.
NH,NH0174,002,NH895,GILMAN LIBRARY,100 MAIN STREET,ALTON,03809,4618,BELKNAP,6038752550,CE,NO,6996,R_11,0,R_11,1872,R_11,52,R_11,2012,00,00,00,-71.213211,43.452041,33,001,00980,60189,42,9665,2060,3301,0,1,29060,1
CT,CT0175,002,15900,WETHERSFIELD PUBLIC LIBRARY,515 SILAS DEANE HIGHWAY,WETHERSFIELD,06109,2216,HARTFORD,8605292665,CE,NC,32877,R_11,0,R_11,2968,R_11,52,R_11,2012,00,00,00,-72.663363,41.711653,09,003,84970,896248,21,4922,1007,0901,0,1,25540,0
NH,NH0030,002,NH89126,MAXFIELD PUBLIC LIBRARY,8 ROUTE 129,LOUDON,03307,0814,MERRIMACK,6037985153,CE,NO,6800,R_11,0,R_11,1768,R_11,52,R_11,2012,00,00,00,-71.467819,43.286141,33,013,43300,146614,42,360,2046,3302,0,1,18180,1
NY,NY0005,015,0800000000,NORTH PARK BRANCH LIBRARY,975 HERTEL AVENUE,BUFFALO,14216,2201,ERIE,7168753748,BR,CC,3967,R_11,0,R_11,1568,R_11,52,R_11,2012,00,00,00,-78.871968,42.94775,36,029,11000,919627,11,50,1005,3626,0,1,15380,0
OK,OK0018,002,24,CHANDLER PUBLIC LIBRARY,1021 S MANVEL,CHANDLER,74834,3853,LINCOLN,4052583204,CE,NO,2500,R_11,0,R_11,2496,R_11,52,R_11,2012,00,00,00,-96.880778,35.700289,40,081,13500,34293,32,9617,4057,4003,0,1,36420,0
ND,ND0037,002,ND0037-002,HANKINSON PUBLIC LIBRARY,315 MAIN AVENUE S,HANKINSON,58041,0244,RICHLAND,7012427929,CE,NO,400,R_11,0,R_11,1198,R_11,51,R_11,2012,00,00,00,-96.902081,46.069547,38,077,34900,16261,43,9714,2037,3800,0,1,47420,1
IN,IN0207,009,8412,TRAFALGAR BRANCH,424 TOWER STREET,TRAFALGAR,46181,8876,JOHNSON,3178789560,BR,NO,19000,R_11,0,R_11,3172,R_11,52,R_11,2012,00,00,00,-86.148687,39.413997,18,081,76310,141439,41,6114,2051,1809,0,1,26900,0
KY,KY0071,003,MARION,MARION COUNTY PUBLIC LIBRARY,201 EAST MAIN STREET,LEBANON,40033,1133,MARION,2706924698,BS,NO,-3,U_11,1,R_11,1012,R_11,44,R_11,2012,00,00,00,-85.250194,37.570737,21,155,44344,20049,32,9702,2017,2101,0,1,0,.
NY,NY0562,033,6800310000,LEFRAK CITY,98-30 57 AVENUE,CORONA,11368,4696,QUEENS,7185927677,BR,CC,18000,R_11,0,R_11,1820,R_11,52,R_11,2012,00,00,00,-73.861226,40.738002,36,081,51000,2256438,11,455,3000,3614,4,15,35620,0
NC,NC0014,003,R-PETTIGREW-P,PERQUIMANS COUNTY LIBRARY,110 W ACADEMY ST,HERTFORD,27944,1306,PERQUIMANS,2524265319,BR,NO,5320,R_11,0,R_11,2278,R_11,52,R_11,2012,00,00,15,-76.471096,36.188915,37,143,30900,13458,42,9202.009766,3019,3701,0,1,21020,1
IL,IL0140,002,3022800,DIVERNON TOWNSHIP LIBRARY,221 SOUTH SECOND STREET,DIVERNON,62530,0140,SANGAMON,2176283813,CE,NO,1300,R_11,0,R_11,1560,R_11,-1,U_11,2012,00,00,00,-89.65852,39.565293,17,167,20045,198949,41,33,4122,1718,0,1,44100,0
GA,GA0010,005,6282PICKENS,PICKENS COUNTY PUBLIC LIBRARY,100 LIBRARY LANE,JASPER,30143,1364,PICKENS,7066925411,BR,NO,11000,R_11,0,R_11,3320,R_11,52,R_11,2012,00,00,00,-84.420188,34.467478,13,227,41932,29431,32,502,1040,1309,2,14,12060,0
MN,MN0085,002,S1310,BLOOMING PRAIRIE BRANCH LIBRARY,138 HIGHWAY AVE SOUTH,BLOOMING PRAIRIE,55917,0187,STEELE,5075837750,BR,NO,3000,R_11,0,R_11,2213,R_11,52,R_11,2012,00,00,00,-93.049227,43.866202,27,147,06580,36541,43,9608,4004,2701,0,5,36940,1
MD,MD0003,039,MD0003,SOUTHEAST ANCHOR BRANCH,3601 EASTERN AVENUE,BALTIMORE,21224,M,BALTIMORE CITY,4103961580,BR,CC,27000,R_11,0,R_11,2527,R_11,52,R_11,2012,00,00,00,-76.567069,39.286587,24,510,04000,620216,11,2609,1010,2403,0,1,12580,0
TX,TX0012,002,109,DENTON PUBLIC LIBRARY,502 OAKLAND ST,DENTON,76201,3102,DENTON,9403498750,CE,NC,22876,R_11,0,R_11,3161,R_11,52,R_11,2012,00,00,00,-97.129918,33.219673,48,121,19972,685601,12,206.0099945,3025,4826,0,1,19100,0
MT,MT0044,002,747,LAUREL PUBLIC LIBRARY,720 WEST 3RD ST,LAUREL,59044,0068,YELLOWSTONE,4066284961,CE,NO,6000,R_11,0,R_11,2338,R_11,51,R_11,2012,00,00,00,-108.780888,45.671408,30,111,42700,149907,31,19.01000023,2007,3000,0,1,13740,0
NJ,NJ0194,008,1225F,ISELIN BRANCH,1081 GREEN ST.,ISELIN,08830,2171,MIDDLESEX,7327267073,BR,NC,9000,R_11,0,R_11,-1,U_11,52,R_11,2012,00,00,00,-74.313243,40.571154,34,023,34470,816618,21,26.03000069,2000,3406,0,1,35620,0
FL,FL0005,003,FL0005-003,ALAFAYA BRANCH,12000 EAST COLONIAL DRIVE,ORLANDO,32826,4705,ORANGE,4078357323,BR,CC,12000,R_11,0,R_11,3150,R_11,52,R_11,2012,00,00,00,-81.203356,28.566308,12,095,00410,1171018,21,167.2700043,1000,1209,0,1,36740,0
LA,LA0002,003,10,MONTGOMERY BRANCH,940 CADDO STREET,MONTGOMERY,71454,0157,GRANT,3186463660,BR,NO,770,R_11,0,R_11,1456,R_11,52,R_11,2012,00,00,00,-92.889812,31.667523,22,043,51620,22115,42,202,1127,2205,0,1,10780,0
IA,IA0400,002,VT,CRESCO PUBLIC LIBRARY,320 N ELM ST,CRESCO,52136,1452,HOWARD,5635472540,CE,NO,7800,R_11,0,R_11,3120,R_11,52,R_11,2012,00,00,15,-92.11626,43.374078,19,089,17220,9533,33,9601,4021,1901,0,1,0,.
IL,IL0031,002,3003100,BARCLAY PUBLIC LIBRARY DISTRICT,220 SOUTH MAIN STREET,WARRENSBURG,62573,0349,MACON,2176723621,CE,NO,5000,R_11,0,R_11,2600,R_11,-1,U_11,2012,00,00,00,-89.062322,39.929914,17,115,78916,110616,41,28,1137,1713,0,1,19500,0
CT,CT0022,002,2100,DAVID M. HUNT LIBRARY,63 MAIN ST.,CANAAN,06031,0217,LITCHFIELD,8608247424,CE,NO,3600,R_11,0,R_11,1456,R_11,52,R_11,2012,00,00,00,-73.328793,42.026425,09,005,10870,188923,42,2602,1020,0905,0,1,45860,1
CA,CA0119,002,M715,CROWELL PUBLIC LIBRARY,1890 HUNTINGTON DR.,SAN MARINO,91108,2595,LOS ANGELES,6263000777,CE,NC,29000,R_11,0,R_11,3224,R_11,52,R_11,2012,00,00,00,-118.112501,34.119348,06,037,68224,9889025,21,4641,4005,0627,0,1,31080,0
MN,MN0043,009,M0715,NEW BRIGHTON LIBRARY,400 10TH STREET NW,NEW BRIGHTON,55112,6806,RAMSEY,6517246002,BR,NC,6250,R_11,0,R_11,294,R_11,9,R_11,2012,02,00,00,-93.191665,45.065114,27,123,45430,515336,21,412,1003,2704,0,1,33460,0
GA,GA0008,018,GA0008,TYBEE,403 BUTLER AVENUE,TYBEE ISLAND,31328,9719,CHATHAM,9127867733,BR,NC,4000,R_11,0,R_11,1528,R_11,52,R_11,2012,00,00,00,-80.842618,32.008883,13,051,78036,271896,31,111.0299988,2022,1301,0,1,42340,0
NH,NH0042,002,NH89137,WADLEIGH MEMORIAL LIBRARY,49 NASHUA STREET,MILFORD,03055,3753,HILLSBOROUGH,6036732408,CE,NO,13500,R_11,0,R_11,2923,R_11,52,R_11,2012,00,00,00,-71.648234,42.835511,33,011,47940,401842,22,162.0099945,5021,3302,0,1,31700,0
NY,NY0069,002,7800020610,FREE LIBRARY OF THE BELMONT LITERARY AND HIST,2 WILLETS AVENUE,BELMONT,14813,1025,ALLEGANY,5852685308,CE,NO,8000,R_11,0,R_11,1000,R_11,50,R_11,2012,00,00,00,-78.034633,42.223293,36,003,05815,48744,42,9506,3060,3623,0,1,0,.
IL,IL0243,002,3034900,HIGHWOOD PUBLIC LIBRARY,102 HIGHWOOD AVENUE,HIGHWOOD,60040,1520,LAKE,8474325404,CE,NC,10363,R_11,0,R_11,2128,R_11,-1,U_11,2012,00,00,00,-87.810707,42.201979,17,097,34865,701575,21,8652,1007,1710,0,1,16980,0
VA,VA0005,008,VA0005-008,WESTOVER BRANCH LIBRARY,1644 N.MCKINLEY STREET,ARLINGTON,22205,2855,ARLINGTON,7032285260,BR,NC,16403,R_11,0,R_11,-1,U_11,-1,U_11,2012,00,00,00,-77.140244,38.888422,51,013,03000,216118,12,1010,4003,5108,4,15,47900,0
AZ,AZ0111,002,CE-COPPER,COPPER QUEEN LIBRARY,6 MAIN STREET,BISBEE,85603,9901,COCHISE,5204324232,CE,NO,9000,R_11,0,R_11,2236,R_11,52,R_11,2012,00,00,00,-109.915161,31.441616,04,003,06260,132770,33,10,2015,0402,0,1,43420,0
SD,SD0042,002,SD0042-002,DOROTHEE PIKE MEMORIAL LIBRARY,225 N MAIN AVE,LAKE PRESTON,57249,0036,KINGSBURY,6058474843,CE,NO,392,R_11,0,R_11,988,R_11,52,R_11,2012,00,00,15,-97.377319,44.362653,46,077,35500,5152,43,9581,1191,4600,0,1,0,.
WI,WI0322,002,WI0322,TOMAHAWK PUBLIC LIBRARY,300 W. LINCOLN AVE.,TOMAHAWK,54487,1202,LINCOLN,7154532455,CE,NO,11465,R_11,0,R_11,2596,R_11,52,R_11,2012,00,00,00,-89.733724,45.473925,55,069,80125,28492,32,9602,2040,5507,0,1,32980,1
NY,NY0146,002,2400113890,PECK MEMORIAL LIBRARY,24 MAIN STREET,MARATHON,13803,0325,CORTLAND,6078496135,CE,NO,3052,R_11,0,R_11,1490,R_11,52,R_11,2012,00,00,00,-76.033345,42.441233,36,023,45392,49619,42,9711,3064,3622,0,1,18660,1
DC,DC0001,017,SOW,SOUTHWEST BRANCH LIBRARY,"900 WESLEY PLACE, SW",WASHINGTON,20024,4212,DIST OF COLUMBIA,2027244752,BR,CC,22032,R_11,0,R_11,2496,R_11,52,R_11,2012,00,00,00,-77.016219,38.879185,11,001,50000,619020,11,102,2044,1198,0,1,47900,0
OR,OR0140,001,OR0140,LANE LIBRARY DISTRICT,64 W. OREGON AVE.,CRESWELL,97426,0366,LANE,5038953053,CE,NC,4950,R_11,0,R_11,2300,R_11,52,R_11,2012,00,00,00,-123.019529,43.917861,41,039,16950,353481,31,11.01000023,3086,4104,0,1,21660,0
IL,IL0445,004,3056601,YORK STREET BRANCH LIBRARY,639 YORK STREET,QUINCY,62301,3918,ADAMS,2172231309,BR,NO,2775,R_11,0,R_11,2020,R_11,52,R_11,2012,00,00,00,-91.40595,39.929353,17,001,62367,67169,33,7,2054,1718,0,1,39500,1
OH,OH0226,003,326B01,BROOKFIELD BRANCH LIBRARY,7032 GROVE ST,BROOKFIELD,44403,0052,TRUMBULL,3304488134,BR,NC,4200,R_11,0,R_11,2652,R_11,52,R_11,2012,00,00,00,-80.565232,41.232504,39,155,09200,208874,21,9314,4006,3913,0,1,49660,0
WI,WI0052,002,WI0052,CAMPBELLSPORT PUBLIC LIBRARY,220 N. HELENA,CAMPBELLSPORT,53010,0405,FOND DU LAC,9205338534,CE,NC,10440,R_11,0,R_11,2020,R_11,52,R_11,2012,00,00,00,-88.276351,43.599297,55,039,12325,101856,42,422,3028,5506,0,1,22540,0
AR,AR0001,017,AR0001-13,OLEY E. ROOKER LIBRARY,11 OTTER CREEK CT.,LITTLE ROCK,72210,M,PULASKI,5019075991,BR,NC,13550,R_11,0,R_11,-1,U_11,52,R_11,2012,00,00,00,-92.427498,34.659253,05,119,41000,386822,41,42.20000076,3009,0502,0,1,30780,0
GA,GA0022,042,GA0022,NORTHEAST-SPRUILL OAKS REGIONAL  LIBRARY,9560 SPRUILL ROAD,ALPHARETTA,30022,5550,FULTON,7703608820,BR,NC,25000,R_11,0,R_11,2882,R_11,52,R_11,2012,00,00,00,-84.22258,34.01515,13,121,42425,949580,21,114.25,2005,1306,0,1,12060,0
ME,ME0247,002,93,NORTH GORHAM PUBLIC LIBRARY,2 STANDISH NECK ROAD,GORHAM,04038,2469,CUMBERLAND,2078922575,CE,NO,1200,R_11,0,R_11,750,R_11,52,R_11,2012,00,00,00,-70.45554,43.798963,23,005,00000,282669,32,41,2006,2301,0,1,38860,0
ME,ME0079,002,83,FORT KENT PUBLIC LIBRARY,1 MONUMENT SQUARE,FORT KENT,04743,1216,AROOSTOOK,2078343048,CE,NO,3153,R_11,0,R_11,1579,R_11,52,R_11,2012,00,00,00,-68.595746,47.250002,23,003,25720,71388,43,9506,3020,2302,4,14,0,.
MI,MI0336,002,MI0336-002,THOMAS TOWNSHIP LIBRARY,8207 SHIELDS DRIVE,SAGINAW,48609,4814,SAGINAW,9897813770,CE,CC,14360,R_11,0,R_11,2732,R_11,52,R_11,2012,00,00,00,-84.074739,43.41882,26,145,73560,198990,22,120.0299988,1011,2604,0,1,40980,0
TN,TN0133,006,KN001-05,FARRAGUT BRANCH LIBRARY,417 N. CAMPBELL STATION ROAD,KNOXVILLE,37934,2708,KNOX,8657771750,BR,CC,10100,R_11,0,R_11,2860,R_11,52,R_11,2012,00,00,00,-84.168446,35.88913,47,093,25760,436877,21,58.09000015,2020,4702,0,1,28940,0
TX,TX0160,002,245,RED WALLER COMMUNITY LIBRARY,109 MELTON ST,MALAKOFF,75148,9347,HENDERSON,9034891818,CE,NO,4800,R_11,0,R_11,1500,R_11,50,R_11,2012,00,00,00,-96.014132,32.170392,48,213,46224,78753,33,9510,2059,4805,0,1,11980,1
LA,LA0058,008,LA0058,MILTON H. LATTER MEMORIAL BRANCH,5120 ST. CHARLES AVENUE,NEW ORLEANS,70115,4941,ORLEANS,5045962625,BR,CC,9000,R_11,0,R_11,2704,R_11,52,R_11,2012,00,00,00,-90.109987,29.926997,22,071,55000,360341,11,108,1015,2202,0,1,35380,0
WV,WV0020,005,019C,BOOKMOBILE,3100 EMERSON AVE.,PARKERSBURG,26104,2414,WOOD,3044204587,BS,NC,-3,U_11,1,R_11,1040,R_11,52,R_11,2012,00,00,00,-81.53833,39.28578,54,107,62140,86837,13,3,2003,5401,0,1,37620,0
CA,CA0019,004,M615,CARNEGIE TECHNOLOGY CENTER BRANCH,420 HEBER AVE.,CALEXICO,92231,2559,IMPERIAL,7603575525,BR,NC,4000,R_11,0,R_11,708,R_11,52,R_11,2012,00,00,00,-115.493508,32.669062,06,025,09710,175897,31,121,3011,0651,0,1,20940,0
PA,PA0385,026,926510006,LAWNCREST BRANCH LIBRARY,6098 RISING SUN AVENUE,PHILADELPHIA,19111,6009,PHILADELPHIA,2156850549,BR,CC,7184,R_11,0,R_11,-1,U_11,-1,U_11,2012,00,00,00,-75.099695,40.045973,42,101,60000,1538567,11,305.019989,1004,4213,0,1,37980,0
NY,NY0306,002,3600414840,C. W. CLARK MEMORIAL LIBRARY,160 NORTH MAIN STREET,ORISKANY FALLS,13425,0670,ONEIDA,3158217850,CE,NC,3141,R_11,0,R_11,2060,R_11,52,R_11,2012,00,00,00,-75.459544,42.940144,36,065,55376,234155,42,256,2068,3622,0,1,46540,0
NC,NC0061,005,C-UNION-W,WAXHAW LIBRARY,509 S PROVIDENCE ST,WAXHAW,28173,9339,UNION,7048433131,BR,NC,2900,R_11,0,R_11,1489,R_11,52,R_11,2012,00,00,15,-80.741342,34.922191,37,179,71460,205193,41,210.1399994,1009,3709,0,1,16740,0
IL,IL0194,002,3029200,FRANKLIN PARK PUBLIC LIBRARY DISTRICT,10311 GRAND AVENUE,FRANKLIN PARK,60131,2225,COOK,8474556016,CE,NC,25000,R_11,0,R_11,3424,R_11,-1,U_11,2012,00,00,00,-87.882502,41.930234,17,031,27702,5214098,21,8114.02002,2009,1705,0,1,16980,0
OH,OH0116,004,216B02,BALTIMORE BRANCH LIBRARY,205 E. MARKET ST.,BALTIMORE,43105,1326,FAIRFIELD,7408628505,BR,NC,3866,R_11,0,R_11,1632,R_11,51,R_11,2012,00,00,00,-82.600057,39.84531,39,045,03758,147355,31,303,3030,3915,0,1,18140,0
MI,MI0360,002,MI0360-002,WATERVLIET DISTRICT LIBRARY,333 NORTH MAIN STREET,WATERVLIET,49098,9750,BERRIEN,2694636382,CE,NC,10272,R_11,0,R_11,2340,R_11,52,R_11,2012,00,00,00,-86.259586,42.19054,26,021,84500,156489,31,103,4027,2606,0,1,35660,0
AL,AL0108,019,AL0108-019,BIRMINGHAM PUBLIC - TITUSVILLE BRANCH,26TH AVENUE SW,BIRMINGHAM,35211,2909,JEFFERSON,2053221140,BR,CC,9000,R_11,0,R_11,2385,R_11,52,R_11,2012,00,00,00,-86.833206,33.491538,01,073,07000,658967,12,51.00999832,3026,0107,4,15,13820,0
TX,TX0443,005,86.66,SOUTH REGIONAL LIBRARY,2101 LAKE ROBBINS DR,THE WOODLANDS,77380,M,MONTGOMERY,9364427727,BR,NC,30000,R_11,0,R_11,3141,R_11,52,R_11,2012,00,00,00,-95.465652,30.162471,48,339,72656,471704,23,6917,1033,4808,0,1,26420,0
FL,FL0012,042,FL0012-042,TAMARAC BRANCH,8701 W. COMMERCIAL BLVD.,TAMARAC,33351,4310,BROWARD,9547202282,BR,NC,30000,R_11,0,R_11,2672,R_11,52,R_11,2012,00,00,00,-80.267013,26.193663,12,011,39550,1784956,21,601.1400146,1004,1220,0,1,33100,0
PA,PA0007,002,901300753,EVA K BOWLBY PUBLIC LIBRARY,311 NORTH WEST ST,WAYNESBURG,15370,1238,GREENE,7246279776,CE,NO,9791,R_11,0,R_11,2401,R_11,52,R_11,2012,00,00,00,-80.191465,39.899297,42,059,81832,38424,32,9706,3034,4218,0,1,0,.
IN,IN0068,012,2713,CENTRE TOWNSHIP BRANCH,1150 EAST KERN ROAD,SOUTH BEND,46614,6472,ST JOSEPH,5742513700,BR,CC,17160,R_11,0,R_11,2496,R_11,52,R_11,2012,00,00,00,-86.232966,41.607649,18,141,71000,266661,12,119,2011,1802,0,1,43780,0
MI,MI0284,002,MI0284-002,REED CITY PUBLIC LIBRARY,410 WEST UPTON AVENUE,REED CITY,49677,1152,OSCEOLA,2318322131,CE,NO,3649,R_11,0,R_11,1872,R_11,52,R_11,2012,00,00,00,-85.516822,43.875995,26,133,67820,23455,33,9706,2012,2604,0,1,0,.
VT,VT0042,002,CORNWALL,CORNWALL FREE PUBLIC,2629 RT 30,CORNWALL,05753,9299,ADDISON,8024623615,CE,NO,315,R_11,0,R_11,1664,R_11,52,R_11,2012,00,00,00,-73.209627,43.961155,50,001,00000,36785,41,9609,1014,5000,0,1,0,.
TX,TX0065,002,157,LEE PUBLIC LIBRARY,312 W PACIFIC AVE,GLADEWATER,75647,2135,GREGG,9038452640,CE,NC,5500,R_11,0,R_11,2048,R_11,52,R_11,2012,00,00,00,-94.946153,32.535873,48,183,29660,122325,31,102,3008,4801,0,1,30980,0
CT,CT0105,002,9500,PUBLIC LIBRARY OF NEW LONDON,63 HUNTINGTON ST.,NEW LONDON,06320,6194,NEW LONDON,8604471411,CE,CC,22000,R_11,0,R_11,2678,R_11,52,R_11,2012,00,00,00,-72.099541,41.354992,09,011,52280,274091,13,6905,2026,0902,0,1,35980,0
NJ,NJ0195,009,1300G,MARLBORO LIBRARY,1 LIBRARY COURT,MARLBORO,07746,1102,MONMOUTH,7325369406,BR,NC,18100,R_11,0,R_11,-1,U_11,52,R_11,2012,00,00,00,-74.262612,40.330578,34,025,63900,630092,21,8097.009766,2021,3406,0,1,35620,0
IL,IL0037,002,3003700,BEDFORD PARK PUBLIC LIBRARY DISTRICT,7816 WEST 65TH PLACE,BEDFORD PARK,60501,1914,COOK,7084586826,CE,NC,17000,R_11,0,R_11,3016,R_11,-1,U_11,2012,00,00,00,-87.816069,41.772696,17,031,04572,5214098,21,8205.009766,1026,1703,0,1,16980,0
KS,KS0191,002,KS0059,CONWAY SPRINGS CITY LIBRARY,210 W. SPRINGS AVE,CONWAY SPRINGS,67031,0183,SUMNER,6204562859,CE,NO,980,R_11,0,R_11,1040,R_11,52,R_11,2012,00,00,00,-97.63682,37.390358,20,191,15325,23835,42,9622,3026,2004,0,1,48620,0
NH,NH0055,002,NH89149,NEWFIELDS PUBLIC LIBRARY,76 MAIN STREET,NEWFIELDS,03856,0200,ROCKINGHAM,6037788169,CE,NO,-1,U_11,0,R_11,1456,R_11,52,R_11,2012,00,00,00,-70.932892,43.041363,33,015,00000,296085,31,675.0100098,2014,3301,0,1,14460,0
WI,WI0308,002,WI0308,JEAN M. THOMSEN MEMORIAL LIBRARY,105 N. GERSHWIN ST.,STETSONVILLE,54480,0099,TAYLOR,7156782892,CE,NO,3990,R_11,0,R_11,1772,R_11,52,R_11,2012,00,00,00,-90.311907,45.077181,55,119,77100,20759,42,9606,3046,5507,0,1,0,.
FL,FL0011,019,FL0011-019,SUNTREE/VIERA PUBLIC LIBRARY,902 JORDAN BLASS DRIVE,MELBOURNE,32940,3350,BREVARD,3212554404,BR,NO,15000,R_11,0,R_11,2716,R_11,-1,U_11,2012,00,00,00,-80.679796,28.215339,12,009,00000,544322,21,641.2700195,4005,1208,0,1,37340,0
NY,NY0071,002,7800021050,ESSENTIAL CLUB FREE LIBRARY,11 PRATT STREET,CANASERAGA,14822,9728,ALLEGANY,6075456443,CE,NO,2500,R_11,0,R_11,1144,R_11,52,R_11,2012,00,00,00,-77.775745,42.461616,36,003,12177,48744,42,9501,1037,3623,0,1,0,.
WI,WI0134,002,WI0134,HILLSBORO PUBLIC LIBRARY,819 HIGH AVE.,HILLSBORO,54634,0468,VERNON,6084892192,CE,NO,6800,R_11,0,R_11,1716,R_11,52,R_11,2012,00,00,00,-90.341447,43.652202,55,123,34825,30043,43,9601,2032,5503,0,1,0,.
FL,FL0021,002,FL0021-002,COLUMBIA COUNTY PUBLIC LIBRARY,308 N.W. COLUMBIA AVE.,LAKE CITY,32055,2891,COLUMBIA,3867581018,CE,NO,15400,R_11,0,R_11,2942,R_11,52,R_11,2012,00,00,00,-82.63798,30.192204,12,023,37775,67383,33,1105,2048,1203,0,1,29380,1
FL,FL0001,005,FL0001-005,BELLEVIEW PUBLIC LIBRARY,13145 SE HWY 484,BELLEVIEW,34420,5831,MARION,3524382500,BR,NC,16000,R_11,0,R_11,2614,R_11,52,R_11,2012,00,00,00,-82.065647,29.028237,12,083,00000,332472,23,11.02000046,2051,1211,0,1,36100,0
TN,TN0135,015,NA001-14,MADISON BRANCH LIBRARY,610 GALLATIN PIKE SOUTH,MADISON,37115,2192,DAVIDSON,6158625868,BR,CC,20680,R_11,0,R_11,2600,R_11,52,R_11,2012,00,00,00,-86.71406,36.257013,47,037,52006,635592,11,107.0100021,4001,4705,0,1,34980,0
NH,NH0220,002,NH8995,WOODSVILLE FREE PUBLIC LIBRARY,14 SCHOOL LANE,WOODSVILLE,03785,1227,GRAFTON,6037473483,CE,NO,1360,IP10,0,R_11,1092,R_11,52,R_11,2012,00,00,00,-72.036754,44.150391,33,009,87140,88954,43,9606,3035,3302,0,1,17200,1
NY,NY0651,002,8000580910,BROOKHAVEN FREE,273 BEAVER DAM RD,BROOKHAVEN,11719,9607,SUFFOLK,6312861923,CE,NC,5047,R_11,0,R_11,3140,R_11,52,R_11,2012,00,00,00,-72.911466,40.773631,36,103,09000,1500338,21,1592.040039,3015,3601,0,1,35620,0
IL,IL0480,002,3060300,SCHILLER PARK PUBLIC LIBRARY,4200 OLD RIVER ROAD,SCHILLER PARK,60176,1630,COOK,8476780433,CE,NC,12500,R_11,0,R_11,3328,R_11,-1,U_11,2012,00,00,00,-87.860692,41.955696,17,031,68081,5214098,21,7708,1039,1705,0,1,16980,0
NY,NY0004,019,0400300000,CROWN HEIGHTS,560 NEW YORK AVENUE,BROOKLYN,11225,5296,KINGS,7187731180,BR,CC,9280,R_11,0,R_11,2392,R_11,52,R_11,2012,00,00,00,-73.947776,40.661073,36,047,51000,2540230,11,804,1001,3609,0,1,35620,0
OH,OH0039,011,139BK,STARK COUNTY DISTRICT LIBRARY,715 MARKET AVE.,CANTON,44702,1080,STARK,3304520665,BS,CC,-3,U_11,5,R_11,5976,R_11,52,R_11,2012,00,00,00,-81.373216,40.803018,39,151,12000,374328,13,7001,1048,3907,4,16,15940,0
GA,GA0036,008,GA0036,MARION COUNTY PUBLIC LIBRARY,123 EAST 5TH AVE.,BUENNA VISTA,31803,0391,MARION,2296496385,BR,NO,4311,R_11,0,R_11,1588,R_11,52,R_11,2012,00,00,00,-84.522819,32.318596,13,197,11728,8706,42,9202,3058,1302,0,1,17980,0
NJ,NJ0195,006,1300D,HAZLET MEMORIAL LIBRAY,251 MIDDLE ROAD,HAZLET,07730,1904,MONMOUTH,7322647164,BR,NC,10200,R_11,0,R_11,-1,U_11,52,R_11,2012,00,00,00,-74.176972,40.427274,34,025,00000,630092,21,8021,5017,3406,0,1,35620,0
SC,SC8004,006,SC8004-002,NINETY-SIX BRANCH LIBRARY,100 SOUTH CAMBRIDGE STREET,NINETY-SIX,29666,1111,GREENWOOD,8645434749,BR,NO,3750,R_11,0,R_11,2314,R_11,52,R_11,2012,00,00,00,-82.023766,34.175093,45,047,50290,69739,42,9707.019531,4019,4503,0,1,24940,1
WI,WI0382,002,WI0382,DRESSER PUBLIC LIBRARY,117 S. CENTRAL AVE.,DRESSER,54009,0547,POLK,7157552944,CE,NO,1274,R_11,0,R_11,1250,R_11,50,R_11,2012,00,00,00,-92.633499,45.355307,55,095,20850,43984,42,9607,3074,5507,0,1,0,.
OK,OK0061,002,65,MAYSVILLE PUBLIC LIBRARY,508 WILLIAMS,MAYSVILLE,73057,0878,GARVIN,4058674748,CE,NO,3125,R_11,0,R_11,2184,R_11,52,R_11,2012,00,00,00,-97.40843,34.817807,40,049,47150,27387,42,6816,1114,4004,0,1,0,.
CA,CA0027,006,M623,ATLANTIC BRANCH,2269 S. ATLANTIC BLVD,COMMERCE,90040,3955,LOS ANGELES,3237801176,BR,NC,3852,R_11,0,R_11,2080,R_11,52,R_11,2012,00,00,00,-118.164562,34.005171,06,037,14974,9889025,21,5323.02002,4024,0640,0,1,31080,0
NJ,NJ0114,005,0705C,FRANKLIN BRANCH,192 DODD STREET,EAST ORANGE,07017,2107,ESSEX,9732667053,BR,NC,500,R_11,0,R_11,-1,U_11,52,R_11,2012,00,00,00,-74.21016,40.781824,34,013,19390,786754,21,100,1001,3410,0,1,35620,0
OH,OH0177,002,277C,MORLEY LIBRARY,184 PHELPS ST.,PAINESVILLE,44077,3926,LAKE,4403523383,CE,NC,17500,R_11,0,R_11,3951,R_11,52,R_11,2012,00,00,00,-81.243767,41.727571,39,085,59416,229873,21,2045,1008,3914,0,1,17460,0
NY,NY0420,002,5600221120,CARTHAGE FREE LIBRARY,412 BUDD STREET,CARTHAGE,13619,1206,JEFFERSON,3154932620,CE,NO,4800,R_11,0,R_11,2392,R_11,52,R_11,2012,00,00,00,-75.609727,43.979609,36,045,12683,118163,33,609,3023,3621,0,1,48060,0
KY,KY0073,003,MARTIN,RUFUS M. REED PUBLIC LIBRARY,1442 RIVERFRONT ROAD,LOVELY,41231,0359,MARTIN,6063956500,BR,NO,3400,R_11,0,R_11,2080,R_11,52,R_11,2012,00,00,00,-82.367849,37.78319,21,159,00000,12839,42,9503,1003,2105,X,14,0,.
MT,MT0051,005,1216,FRENCHTOWN SCHOOL AND COMMUNITY LIBRARY  (MISSOULA CO.),16495 MAIN STREET,FRENCHTOWN,59834,M,MISSOULA,4066262730,BR,NO,4500,R_11,0,R_11,1040,R_11,52,R_11,2012,00,14,00,-114.227048,47.011982,30,063,29350,110114,42,16,1029,3000,0,1,33540,0
PA,PA0147,002,908561265,MARY S BIESECKER PUB LIBRARY,230 S ROSINA AVE,SOMERSET,15501,1937,SOMERSET,8144454011,CE,NC,3531,R_11,0,R_11,2345,R_11,52,R_11,2012,00,00,00,-79.082912,40.00724,42,111,71776,77382,32,210,3002,4212,0,1,43740,1
IA,IA0251,002,MM,ALGONA PUBLIC LIBRARY,210 N PHILLIPS,ALGONA,50511,1735,KOSSUTH,5152955476,CE,NO,16000,R_11,0,R_11,2912,R_11,52,R_11,2012,00,00,15,-94.226822,43.070044,19,109,01135,15369,33,9505,2042,1904,0,1,0,.
NY,NY0004,061,0400300000,WINDSOR TERRACE,160 EAST 5TH STREET,BROOKLYN,11218,1702,KINGS,7186869707,BR,CC,7500,R_11,0,R_11,2392,R_11,52,R_11,2012,00,00,00,-73.97657,40.648829,36,047,51000,2540230,11,500,2004,3609,0,1,35620,0
IN,IN0177,002,7284,BLOOMFIELD-EASTERN GREENE COUNTY PUBLIC LIBRARY,125 SOUTH FRANKLIN STREET,BLOOMFIELD,47424,1406,GREENE,8123844125,CE,NO,13400,R_11,0,R_11,2808,R_11,52,R_11,2012,00,00,00,-86.93852,39.02559,18,055,05716,33061,32,9554,4026,1808,0,1,0,.
NJ,NJ0223,002,NJ0223-002,BUTLER PUBLIC LIBRARY,1 ACE ROAD,BUTLER,07045,1375,MORRIS,2018383262,CE,NC,6324,R_11,0,R_11,2659,R_11,52,R_11,2012,00,00,00,-74.342983,41.003358,34,027,09040,495941,21,405,1007,3411,0,1,35620,0
TX,TX0247,011,329.299,CINCO RANCH BRANCH LIBRARY,2620 COMMERCIAL CENTER BLVD,KATY,77494,6407,FORT BEND,2813951311,BR,NC,33500,R_11,0,R_11,2524,R_11,52,R_11,2012,00,00,00,-95.787502,29.725205,48,157,00000,607952,41,6731.02002,1089,4822,2,15,26420,0
MN,MN0035,015,M0213,ANOKA: RUM RIVER,4201 6TH AVE NW,ANOKA,55303,M,ANOKA,7635764695,BR,NC,30150,R_11,0,R_11,2312,R_11,52,R_11,2012,00,00,15,-93.380862,45.22981,27,003,01720,333226,21,505.0499878,3007,2706,0,1,33460,0
OH,OH0002,019,102B17,HIGHLAND SQUARE BRANCH LIBRARY,807 W MARKET ST,AKRON,44303,1010,SUMMIT,3303762927,BR,CC,11500,R_11,0,R_11,2964,R_11,52,R_11,2012,00,06,15,-81.543313,41.096492,39,153,01000,541227,12,5073,3001,3913,0,1,10420,0
MA,MA0015,002,ATHOL,ATHOL PUBLIC LIBRARY,568 MAIN STEET,ATHOL,01331,1888,WORCESTER,9782499515,CE,NO,8000,R_11,0,R_11,2350,R_11,52,R_11,2012,00,00,15,-72.228447,42.593893,25,027,02515,803785,32,7031,1026,2502,4,14,49340,0
CA,CA0105,022,M701,SOUTHGATE LIBRARY,6132 66TH AVE.,SACRAMENTO,95823,2706,SACRAMENTO,9162642700,BR,CC,12000,R_11,0,R_11,1980,R_11,49,R_11,2012,00,00,00,-121.433101,38.492443,06,067,24498,1436262,21,50.02000046,1004,0607,0,1,40900,0
CT,CT0124,002,11000,PLAINVILLE PUBLIC LIBRARY,56 EAST MAIN ST.,PLAINVILLE,06062,1934,HARTFORD,8607931446,CE,NC,30000,R_11,0,R_11,3016,R_11,52,R_11,2012,00,00,00,-72.865298,41.671845,09,003,00000,896248,21,4205,4005,0905,0,1,25540,0
TX,TX0069,002,160,LIBRARY OF GRAHAM,910 CHERRY ST,GRAHAM,76450,3547,YOUNG,9405490600,CE,NO,14000,R_11,0,R_11,2184,R_11,52,R_11,2012,00,00,00,-98.587919,33.099243,48,503,30392,18385,33,9505,2005,4819,0,1,0,.
MI,MI0322,002,MI0322-002,SAINT CLAIR SHORES PUBLIC LIBRARY,22500 ELEVEN MILE ROAD,SAINT CLAIR SHORES,48081,1399,MACOMB,5867719020,CE,NC,30000,R_11,0,R_11,3092,R_11,52,R_11,2012,00,00,00,-82.887251,42.496575,26,099,70760,842881,21,2511,1001,2609,0,1,19820,0
TX,TX0183,002,269,WARD COUNTY LIBRARY,409 S DWIGHT ST,MONAHANS,79756,4609,WARD,4329433332,CE,NO,15000,R_11,0,R_11,2452,R_11,52,R_11,2012,00,00,00,-102.887829,31.59298,48,475,48936,10713,32,9502,1052,4823,0,5,0,.
AL,AL0248,001,506-003,SOUTHSIDE PUBLIC LIBRARY,2255 HIGHWAY 77,SOUTHSIDE,35907,7905,ETOWAH,2564420105,CE,NO,1000,R_11,0,R_11,1404,R_11,52,R_11,2012,00,00,00,-86.022239,33.918787,01,055,71832,104298,23,105.0100021,3044,0104,0,1,23460,0
ME,ME0296,002,268,SWANS ISLAND PUBLIC LIBRARY,451 ATLANTIC ROAD,SWAN'S ISLAND,04685,0012,HANCOCK,2075264330,CE,NO,3500,R_11,0,R_11,1200,R_11,52,R_11,2012,00,00,00,-68.417378,44.174678,23,009,00000,54551,43,9662,2136,2302,0,1,0,.
KS,KS0200,002,KS0020,BELLE PLAINE PUBLIC LIBRARY,222 W. 5TH,BELLE PLAINE,67013,0700,SUMNER,6204883431,CE,NO,1987,R_11,0,R_11,1508,R_11,52,R_11,2012,00,00,00,-97.281473,37.393656,20,191,05500,23835,42,9621,4011,2004,0,1,48620,0
CA,CA0144,006,M740,SUTTER BRANCH LIBRARY,2147 CALIFORNIA ST.,SUTTER,95982,2546,SUTTER,5307550485,BR,NC,970,R_11,0,R_11,996,R_11,52,R_11,2012,00,00,00,-121.748948,39.158979,06,101,77378,94951,23,508,2033,0603,0,1,49700,0
DC,DC0001,012,NOE,NORTHEAST BRANCH LIBRARY,"330 7TH STREET, NE",WASHINGTON,20002,6104,DIST OF COLUMBIA,2026983320,BR,CC,13900,R_11,0,R_11,2496,R_11,52,R_11,2012,00,00,00,-76.996192,38.893985,11,001,50000,619020,11,83.01999664,1014,1198,0,1,47900,0
KY,KY0109,007,WARREN,GRAHAM DRIVE COMMUNITY BRANCH,305 GRAHAM DRIVE,BOWLING GREEN,42101,1140,WARREN,2707811441,BR,CC,1627,R_11,0,R_11,2496,R_11,52,R_11,2012,00,00,00,-86.441796,37.003255,21,227,08902,115491,13,102,3031,2102,0,1,14540,0
FL,FL0025,015,FL0025-015,KENDALL BRANCH LIBRARY,9101 S.W. 97 AVENUE,MIAMI,33176,1985,MIAMI-DADE,3052790520,BR,CC,14000,R_11,0,R_11,2559,R_11,52,R_11,2012,00,00,00,-80.350799,25.685623,12,086,36100,2565440,13,84.05000305,1009,1227,0,1,33100,0
PA,PA0532,002,902024075,SENIOR BUS,1301 BEAVER AVENUE,PITTSBURGH,15233,2342,ALLEGHENY,4123211853,BS,CC,-3,U_11,1,R_11,403,R_11,50,R_11,2012,00,00,00,-80.028932,40.453027,42,003,61000,1227442,11,9806,1011,4214,0,1,38300,0
NJ,NJ0204,002,NJ0204-002,FAIR HAVEN PUBLIC LIBRARY,748 RIVER ROAD,FAIR HAVEN,07704,3397,MONMOUTH,2017475031,CE,NC,1750,R_11,0,R_11,-1,U_11,52,R_11,2012,00,00,00,-74.035853,40.364273,34,025,22440,630092,21,8037,5000,3404,0,1,35620,0
VI,VI0002,002,VI0002-002,ELAINE I. SPRAUVE PUBLIC LIBRARY,EST. ENIGHED,CRUZ BAY,00830,M,ST. JOHN,3407766359,BR,NO,1200,R_11,0,R_11,-1,U_11,-1,U_11,2012,00,00,00,-64.740289,18.338647,78,020,00000,-1,41,9501,3092,7898,X,14,0,.
NC,NC0104,001,C-CHATHAM-BS,CHATHAM COUNTY BOOKMOBILE,500 N 2ND AVE,SILER CITY,27344,3123,CHATHAM,9195427725,BS,NC,-3,U_11,1,R_11,1000,R_11,50,R_11,2012,00,14,15,-79.46469,35.727411,37,037,61860,65280,32,204.0200043,1049,3702,0,1,20500,0
TX,TX0402,003,49.362,SOUTHMOST BRANCH LIBRARY,4320 SOUTHMOST BLVD,BROWNSVILLE,78521,M,CAMERON,9565481055,BR,CC,20000,R_11,0,R_11,2602,R_11,52,R_11,2012,00,00,00,-97.449958,25.896555,48,061,10768,412577,12,133.0599976,1008,4834,0,1,15180,0
OH,OH0163,008,OH0163-008,BUCKEYE LAKE BRANCH,41 W FIRST ST,BUCKEYE LAKE,43008,1708,LICKING,7409280472,BR,NO,1200,R_11,0,R_11,2433,R_11,52,R_11,2012,00,00,00,-82.482686,39.933065,39,089,09890,167194,23,7583,3012,3912,0,1,18140,0
GA,GA0023,006,6632HILTON,IDA HILTON PUBLIC LIBRARY,1105 NORTHWAY,DARIEN,31305,1227,MCINTOSH,9124272124,BR,NO,6000,R_11,0,R_11,2110,R_11,-1,U_11,2012,00,00,00,-81.417136,31.394249,13,191,00000,14229,31,1102,1079,1301,X,14,15260,0
LA,LA0057,015,60,ROSEDALE BRANCH,4036 JEFFERSON HIGHWAY,OLD JEFFERSON,70121,1630,JEFFERSON,5048384350,BR,NC,7138,R_11,0,R_11,2496,R_11,52,R_11,2012,00,00,00,-90.168164,29.961761,22,051,38145,433523,21,245,1006,2201,0,1,35380,0
WI,WI0059,002,WI0059,CHIPPEWA FALLS PUBLIC LIBRARY,105 W. CENTRAL ST.,CHIPPEWA FALLS,54729,2397,CHIPPEWA,7157231146,CE,NC,18025,R_11,0,R_11,2682,R_11,52,R_11,2012,00,00,00,-91.393911,44.935456,55,017,14575,62857,23,103,1021,5503,0,1,20740,0
WI,WI0065,002,WI0065,COLFAX PUBLIC LIBRARY,613 MAIN ST.,COLFAX,54730,0525,DUNN,7159624334,CE,NO,1800,R_11,0,R_11,1820,R_11,52,R_11,2012,00,00,00,-91.727195,44.999765,55,033,16275,44021,42,9703,3057,5503,0,1,32860,1
DC,DC0001,016,SOE,SOUTHEAST BRANCH LIBRARY,"403 7TH STREET, SE",WASHINGTON,20003,2700,DIST OF COLUMBIA,2026983377,BR,CC,6431,R_11,0,R_11,2496,R_11,52,R_11,2012,00,00,00,-76.996189,38.88387,11,001,50000,619020,11,65,2000,1198,0,1,47900,0
MI,MI0376,002,MI0376-002,GEORGE W. SPINDLER MEMORIAL LIBRARY,186 NORTH MAIN STREET,WOODLAND,48897,0068,BARRY,2693674694,CE,NO,1738,R_11,0,R_11,1040,R_11,52,R_11,2012,00,00,00,-85.13415,42.728953,26,015,88420,58936,42,101,2030,2603,0,1,24340,0
WV,WV0040,002,39,CLARKSBURG-HARRISON CO. PUBLIC LIBRARY,404 W. PIKE STREET,CLARKSBURG,26301,2712,HARRISON,3046272236,CE,NO,30442,R_11,0,R_11,3484,R_11,52,R_11,2012,00,00,00,-80.340592,39.280797,54,033,15628,69298,32,301,1055,5401,0,1,17220,1
IL,IL0524,002,3064900,THREE RIVERS PUBLIC LIBRARY DISTRICT,25207 WEST CHANNON DRIVE,CHANNAHON,60410,0300,WILL,8154676200,CE,NC,9200,R_11,0,R_11,3464,R_11,-1,U_11,2012,00,00,00,-88.224651,41.434087,17,197,12476,680584,21,8833.049805,1044,1716,0,1,16980,0
IA,IA0048,002,BW,BERTHA BARTLETT PUBLIC LIBRARY,503 BROAD ST,STORY CITY,50248,1133,STORY,5157332685,CE,NO,8000,R_11,0,R_11,2738,R_11,52,R_11,2012,00,00,15,-93.597291,42.187095,19,169,75675,90816,31,106,1023,1904,0,1,11180,0
MT,MT0011,003,1634,BUTTE-SILVER BOW PUBLIC LIBRARY SOUTH BRANCH,3100 HARRISON AVE,BUTTE,59701,M,SILVER BOW,4067233361,BR,NO,1200,R_11,0,R_11,1008,R_11,28,R_11,2012,02,00,00,-112.508,45.979868,30,093,11397,34362,33,7,1022,3000,0,1,15580,1
NM,NM0110,001,NM0110-001,PUEBLO DE ABIQUIU LIBRARY & CULTURAL CENTER,COUNTY RD. #187 BUILDING #29,ABIQUIU,87510,0838,RIO ARRIBA,5056854884,CE,NO,400,R_11,0,R_11,1329,R_11,52,R_11,2012,00,00,00,-106.231605,36.156557,35,039,00000,40353,42,4,2205,3503,X,14,21580,1
OR,OR0072,002,OR0072,SCAPPOOSE PUBLIC LIBRARY,52469 SE 2ND ST,SCAPPOOSE,97056,0400,COLUMBIA,5035437123,CE,NC,11020,R_11,0,R_11,2190,R_11,52,R_11,2012,00,00,00,-122.876339,45.756527,41,009,65500,49357,32,9709,2004,4101,0,1,38900,0
TN,TN0132,005,CH001-04,EASTGATE BRANCH LIBRARY,5705 MARLIN ROAD,CHATTANOOGA,37411,5508,HAMILTON,4237575310,BR,CC,9084,R_11,0,R_11,2340,R_11,52,R_11,2012,00,00,00,-85.211325,35.007946,47,065,14000,340870,12,30,2044,4703,0,1,16860,0
UT,UT0013,002,CACHCO1501,RICHMOND PUBLIC LIBRARY,38 WEST MAIN STREET,RICHMOND,84333,1409,CACHE,4352585525,CE,NO,2700,R_11,0,R_11,1565,R_11,52,R_11,2012,00,00,00,-111.809843,41.922642,49,005,63680,114559,41,1.00999999,3061,4901,0,1,30860,0
IN,IN0123,002,5092,LOGANSPORT-CASS COUNTY PUBLIC LIBRARY,616 EAST BROADWAY,LOGANSPORT,46947,3155,CASS,5747536383,CE,NO,40448,R_11,0,R_11,3900,R_11,52,R_11,2012,00,00,00,-86.362725,40.754552,18,017,44658,38810,32,9515,2020,1804,0,1,30900,1
WV,WV0082,002,81,GREENBRIER COUNTY PUBLIC LIBRARY,152 ROBERT W. MCCORMICK DRIVE,LEWISBURG,24901,1312,GREENBRIER,3046477568,CE,NO,13500,R_11,0,R_11,3068,R_11,52,R_11,2012,00,00,00,-80.448962,37.803713,54,025,46636,35710,33,9506,1041,5403,4,14,0,.
ME,ME0042,002,43,CARIBOU PUBLIC LIBRARY,30 HIGH STREET,CARIBOU,04736,2796,AROOSTOOK,2074934214,CE,NO,11000,R_11,0,R_11,2548,R_11,52,R_11,2012,00,00,00,-68.010616,46.860615,23,003,10565,71388,33,9513,3015,2302,0,1,0,.
MA,MA0091,002,ERVING,ERVING PUBLIC LIBRARY,17 MOORE ST.,ERVING,01344,9717,FRANKLIN,4134233348,CE,NO,1865,R_11,0,R_11,1044,R_11,52,R_11,2012,00,00,00,-72.490752,42.584079,25,011,41410,71646,32,404,2075,2502,0,1,24640,1
CA,CA0068,026,M664,GEORGE SOUTH MERCED BRANCH,401 LESHER DRIVE,MERCED,95340,6572,MERCED,2097253909,BR,CC,1200,R_11,0,R_11,1300,R_11,52,R_11,2012,00,00,00,-120.504007,37.293699,06,047,46898,259966,13,15.02999973,1021,0616,0,1,32900,0
MI,MI0240,012,MI0240-012,NORTH MUSKEGON BRANCH LIBRARY,1522 RUDDIMAN DRIVE,NORTH MUSKEGON,49445,3038,MUSKEGON,2317446080,BR,NC,3700,R_11,0,R_11,2496,R_11,52,R_11,2012,00,00,00,-86.267321,43.256368,26,121,58640,170021,22,15,2009,2602,0,1,34740,0
VA,VA0076,002,VA0076-002,SHENANDOAH COUNTY LIBRARY,514 STONEY CREEK BLVD.,EDINBURG,22824,9142,SHENANDOAH,5409848200,CE,NO,13000,R_11,0,R_11,-1,U_11,-1,U_11,2012,00,00,00,-78.569018,38.825883,51,171,25008,42270,42,406,2037,5106,0,1,0,.
NJ,NJ0188,002,NJ0188-002,SAYREVILLE FREE PUBLIC LIBRARY,1050 WASHINGTON ROAD,PARLIN,08859,1061,MIDDLESEX,2017270212,CE,NC,19500,R_11,0,R_11,3172,R_11,52,R_11,2012,00,00,00,-74.315701,40.464356,34,023,65790,816618,21,73.01000214,2000,3406,0,1,35620,0
NY,NY0251,002,3200482455,ALICE CURTIS DESMOND AND HAMILTON FISH LIBRARY,472 ROUTE 403,GARRISON,10524,9803,PUTNAM,8454243020,CE,NC,9467,R_11,0,R_11,2258,R_11,52,R_11,2012,00,00,00,-73.94238,41.375377,36,079,00000,99916,41,108,2025,3618,0,1,35620,0
GA,GA0004,015,GA0004,GORDON PUBLIC LIBRARY,284 MILLEDGEVILLE ROAD,GORDON,31031,0336,WILKINSON,4786285352,BR,NO,3385,R_11,0,R_11,2524,R_11,52,R_11,2012,00,00,00,-83.32934,32.882452,13,319,33980,9453,42,9603,3018,1308,0,1,0,.
NJ,NJ0284,006,1900D,SUSSEX-WANTAGE BRANCH,69 ROUTE 639,SUSSEX,07461,2301,SUSSEX,9738753940,BR,NC,1400,R_11,0,R_11,-1,U_11,52,R_11,2012,00,00,00,-74.608678,41.210574,34,037,71670,148517,32,3712,1004,3405,4,16,35620,0
NE,NE0038,002,040C,BRUNSWICK PUBLIC LIBRARY,303 FRANKLIN ST.,BRUNSWICK,68720,0011,ANTELOPE,4028422105,CE,NO,810,R_11,0,R_11,832,R_11,52,R_11,2012,00,00,00,-97.97071,42.292652,31,003,00000,6631,43,9796,2236,3103,0,1,0,.
KS,KS0155,002,KS0111,GOODLAND PUBLIC LIBRARY,812 BROADWAY,GOODLAND,67735,3037,SHERMAN,7858995461,CE,NO,13500,R_11,0,R_11,2810,R_11,52,R_11,2012,00,00,00,-101.710437,39.351002,20,181,26875,6039,33,4537,4002,2001,0,1,0,.
MI,MI0361,019,MI0361-002,WAYNE COUNTY PUBLIC LIBRARY,30555 MICHIGAN AVENUE,WESTLAND,48186,5310,WAYNE,7347277310,CE,NC,7000,R_11,0,R_11,2172,R_11,52,R_11,2012,00,00,00,-83.340555,42.286454,26,163,86000,1801789,21,5687,4017,2613,0,1,19820,0
TX,TX0583,002,577,DILLEY PUBLIC LIBRARY,231 W FM 117,DILLEY,78017,3503,FRIO,8309651951,CE,NO,2340,R_11,0,R_11,2000,R_11,50,R_11,2012,00,00,00,-99.170073,28.67396,48,163,20428,17367,33,9503,1253,4823,0,1,0,.
GA,GA0022,026,GA0022,PEACHTREE BRANCH LIBRARY,"1315 PEACHTREE STREET, N.E.",ATLANTA,30309,7515,FULTON,4048857830,BR,CC,10000,R_11,0,R_11,1806,R_11,52,R_11,2012,00,00,00,-84.38501,33.790479,13,121,04000,949580,11,4,1013,1305,0,1,12060,0
IN,IN0180,003,7531,ELLETTSVILLE BRANCH,600 WEST TEMPERANCE,ELLETTSVILLE,47429,1324,MONROE,8123492515,BR,NC,12000,R_11,0,R_11,3328,R_11,52,R_11,2012,00,00,00,-86.625077,39.234002,18,105,20800,140063,23,13.02999973,1050,1809,0,1,14020,0
WI,WI0023,002,WI0023,BELLEVILLE PUBLIC LIBRARY,130 S. VINE ST.,BELLEVILLE,53508,0140,DANE,6084241812,CE,NC,4600,R_11,0,R_11,2652,R_11,52,R_11,2012,00,00,00,-89.53399,42.858436,55,025,06300,496456,42,126,3121,5502,0,1,31540,0
CA,CA0146,004,M742,EL RETIRO BRANCH LIBRARY,126 VISTA DEL PARQUE,REDONDO BEACH,90277,6112,LOS ANGELES,3103750922,BR,NC,4158,R_11,0,R_11,2222,R_11,52,R_11,2012,00,00,00,-118.379754,33.815298,06,037,80000,9889025,12,6513.040039,2005,0633,0,1,31080,0
TX,TX0099,040,189.360,MCGOVERN-STELLA LINK BRANCH LIBRARY,7405 STELLA LINK RD,HOUSTON,77025,M,HARRIS,8323932630,BR,CC,20393,R_11,0,R_11,2098,R_11,50,R_11,2012,00,00,00,-95.440039,29.698416,48,201,35000,4173695,11,4130,2005,4807,0,1,26420,0
